{"yflhvMFJ//Gncc19l8RWng==":"mbr-1.jpg","T4zkQrDWb0m9qIv27c5rVg==":"mbr-2.jpg","Z0s7uTFMjKcQ7ngLc5lmnA==":"mbr.jpg","wzidloMrha3tuSON+OV1Cw==":"mbr-3.jpg","FhC12xVKkvIETQMVKu9WsA==":"mbr-4.jpg","XLOa+k8BKjlTYw4d/uEulQ==":"mbr-6.jpg","LAL131GPhuSNnoifNS/NrQ==":"mbr.jpeg","n3xLfiICRwBK7qZAxZQ4ig==":"mbr-6.jpeg","61tx7eiw/R1KSuuIhkCgyw==":"mbr-4.jpeg","7BusHJYMZF5vA0Q1cmlFTQ==":"mbr-9.jpeg","YRJAA6ew0xAs6F0Ax5Rfvw==":"mbr-11.jpeg","DUgaHyV9oTcz7ZCUxJbpSQ==":"mbr-2.jpeg","nmaFfquSo95VQKE0s/iKhQ==":"mbr-3.jpeg","fdrkojhpw03cB3GSjvgDuw==":"mbr-12.jpeg","Gjo+fRcaTLdlEzWBcy0xQw==":"mbr-5.jpg","lNz+1WZ+Jsut4WEwqonaVg==":"mbr-7.jpg","r4SJW6vvdWfNTKjQSApHUw==":"mbr-8.jpg","aj6nI9PXScsDr4XezM2cNg==":"mbr-9.jpg","l3O6KHUARGL95+Th0X0BuQ==":"mbr-10.jpg","lK77ih7fT22RGPy5YZlknA==":"mbr-10.jpeg","9MA44v7wAXZf/YRNZxJK9Q==":"mbr-13.jpeg","uUTtwDNVtKLOj7cIFnet6w==":"mbr-14.jpeg","Q6iFla8InJcXTnXwrhQJBw==":"mbr-15.jpeg","r2I82yeII6avCvXJVP6Hhg==":"mbr-16.jpeg","/HVusEn4Av1iT9/R8YDOAA==":"mbr-11.jpg","CRxHHjX0jfgqDfEHqFpEbQ==":"mbr-17.jpeg","nZ522L3IHqZbQdLdB4urcw==":"mbr-18.jpeg","FUFWlmEDrx/Wq7juCg4sdQ==":"mbr-19.jpeg","kgPc6Z3mClKN6Ps+h/pg/Q==":"mbr-20.jpeg","MEKMBwR2qyNaaQamae/DnQ==":"logo6-18.png","GXp9wZVaac05WTD1YIm3Cw==":"logo6-19.png","wSFQTQCCpomCfv2uOH/jWA==":"logo6-20.png","ik4QcciH3Fl40ofKyXMAJQ==":"design.gif","/ie+/TI5KWn2Rv91WS9JFQ==":"digital.gif","fMNAVaxM+RpFnfSBVxxDyw==":"logo-animation3-480.gif","wpc9t7H60f9X0LJ3v0nSXg==":"logo4-16.png","uRW0lPMs7+iPPgmJtQMvug==":"bss-1076x526.jpg","PyZHa8Dtd1Gp3+mRtzYVFQ==":"sharedscreenshot-1076x500.jpg","M26IpmFB2u9km8gLH41Bfg==":"epl-1076x501.jpg","h+aR77gk4GqvRcqYKdcZvw==":"ggcl-1076x493.jpg","1RRHdPLjyTp3A/aDoe1yFQ==":"bt-1340x630.jpg","1VgZ5GHm3uhwVrS4+vReSw==":"xd-1320x559.jpg","mk19VUPzOaYlY1qDJVUGTg==":"esder-1355x640.jpg","dr8DSX6IS9dHYJlRPpaykg==":"logo-151x160.png","g68eEMbZM2uq5CHG1NnX4g==":"food-logo-240x180.jpg","ynog39kG2ps8zF41yWTTBw==":"logo4_16-14466-240x240.png","SqhsswYKNiya5tXjenSsag==":"logo4_16-14467-240x240.png","2NNb0tMUIlhk+yMqQtURHQ==":"logo6_10-1416-240x240.png","2+TWCqKNXEc40Hf64L1jXA==":"logo6_5-201615-240x240.png","tHwoGSf9unMNyVPKtBrj1A==":"logo6_13-113459-240x240.png","mrkYHHgeXbZ81BvzLuZdPw==":"logo6_5-20329-600x600.png","KZ1a07f4QeAzDEe9kgiS4A==":"logo6_5-201615-600x600.png","HUohMwC5TEd5DE9LhaLPxg==":"logo6_5-201833-600x600.png","L3ZBVpT9PUHAfomEkJBpLQ==":"logo6_13-113459-609x609.png","LeMSsK4emULH/8RGL6QXKQ==":"logo6_10-14048-609x609.png","2nc/7+bvt6R99BDu94HKVg==":"logo6_25-18438-600x600.png","n+ZWagLZzu5M2mmaUah04Q==":"logo4_16-14466-600x600.png","MQAPLf1wyVC8jt9EBb8FJA==":"logo4_17-214358-600x600.png","KlCrHQuE9CWWLdr9GkgbVw==":"ead%20logo-411x417.png","iFkIwqDKfCs5SIgWtSpbtw==":"20201225-154651-433x533.jpg"}